Sku,Mesh,Emblem,Lighting,Surround,Price
SKU 96807-1,Base,None,Raptor Lights,Black,211.95
SKU 96807-2,Base,None,Raptor Lights,Chrome,212.95
SKU 96807-3,Base,None,Raptor Lights,Black w/ TRD Stripes (Silver/Red),215.95
SKU 96807-4,Base,None,Raptor Lights,Black w/ Custom TRD Stripes (2 Stripes),217.95
SKU 96807-5,Base,None,Raptor Lights,Colormatch,215.95
SKU 96807-6,Base,None,Large Raptor Lights,Black,216.95
SKU 96807-7,Base,None,Large Raptor Lights,Chrome,217.95
SKU 96807-8,Base,None,Large Raptor Lights,Black w/ TRD Stripes (Silver/Red),220.95
SKU 96807-9,Base,None,Large Raptor Lights,Black w/ Custom TRD Stripes (2 Stripes),222.95
SKU 96807-10,Base,None,Large Raptor Lights,Colormatch,220.95
SKU 96807-11,Base,Stock Emblem,Raptor Lights,Black,216.95
SKU 96807-12,Base,Stock Emblem,Raptor Lights,Chrome,217.95
SKU 96807-13,Base,Stock Emblem,Raptor Lights,Black w/ TRD Stripes (Silver/Red),220.95
SKU 96807-14,Base,Stock Emblem,Raptor Lights,Black w/ Custom TRD Stripes (2 Stripes),222.95
SKU 96807-15,Base,Stock Emblem,Raptor Lights,Colormatch,220.95
SKU 96807-16,Base,Stock Emblem,Large Raptor Lights,Black,221.95
SKU 96807-17,Base,Stock Emblem,Large Raptor Lights,Chrome,222.95
SKU 96807-18,Base,Stock Emblem,Large Raptor Lights,Black w/ TRD Stripes (Silver/Red),225.95
SKU 96807-19,Base,Stock Emblem,Large Raptor Lights,Black w/ Custom TRD Stripes (2 Stripes),227.95
SKU 96807-20,Base,Stock Emblem,Large Raptor Lights,Colormatch,225.95
SKU 96807-21,Base,White Toyota Lettering,Raptor Lights,Black,215.95
SKU 96807-22,Base,White Toyota Lettering,Raptor Lights,Chrome,216.95
SKU 96807-23,Base,White Toyota Lettering,Raptor Lights,Black w/ TRD Stripes (Silver/Red),219.95
SKU 96807-24,Base,White Toyota Lettering,Raptor Lights,Black w/ Custom TRD Stripes (2 Stripes),221.95
SKU 96807-25,Base,White Toyota Lettering,Raptor Lights,Colormatch,219.95
SKU 96807-26,Base,White Toyota Lettering,Large Raptor Lights,Black,220.95
SKU 96807-27,Base,White Toyota Lettering,Large Raptor Lights,Chrome,221.95
SKU 96807-28,Base,White Toyota Lettering,Large Raptor Lights,Black w/ TRD Stripes (Silver/Red),224.95
SKU 96807-29,Base,White Toyota Lettering,Large Raptor Lights,Black w/ Custom TRD Stripes (2 Stripes),226.95
SKU 96807-30,Base,White Toyota Lettering,Large Raptor Lights,Colormatch,224.95
SKU 96807-31,Base,4Runner,Raptor Lights,Black,214.95
SKU 96807-32,Base,4Runner,Raptor Lights,Chrome,215.95
SKU 96807-33,Base,4Runner,Raptor Lights,Black w/ TRD Stripes (Silver/Red),218.95
SKU 96807-34,Base,4Runner,Raptor Lights,Black w/ Custom TRD Stripes (2 Stripes),220.95
SKU 96807-35,Base,4Runner,Raptor Lights,Colormatch,218.95
SKU 96807-36,Base,4Runner,Large Raptor Lights,Black,219.95
SKU 96807-37,Base,4Runner,Large Raptor Lights,Chrome,220.95
SKU 96807-38,Base,4Runner,Large Raptor Lights,Black w/ TRD Stripes (Silver/Red),223.95
SKU 96807-39,Base,4Runner,Large Raptor Lights,Black w/ Custom TRD Stripes (2 Stripes),225.95
SKU 96807-40,Base,4Runner,Large Raptor Lights,Colormatch,223.95
SKU 96807-41,Raptor,None,Raptor Lights,Black,213.45
SKU 96807-42,Raptor,None,Raptor Lights,Chrome,214.45
SKU 96807-43,Raptor,None,Raptor Lights,Black w/ TRD Stripes (Silver/Red),217.45
SKU 96807-44,Raptor,None,Raptor Lights,Black w/ Custom TRD Stripes (2 Stripes),219.45
SKU 96807-45,Raptor,None,Raptor Lights,Colormatch,217.45
SKU 96807-46,Raptor,None,Large Raptor Lights,Black,218.45
SKU 96807-47,Raptor,None,Large Raptor Lights,Chrome,219.45
SKU 96807-48,Raptor,None,Large Raptor Lights,Black w/ TRD Stripes (Silver/Red),222.45
SKU 96807-49,Raptor,None,Large Raptor Lights,Black w/ Custom TRD Stripes (2 Stripes),224.45
SKU 96807-50,Raptor,None,Large Raptor Lights,Colormatch,222.45
SKU 96807-51,Raptor,Stock Emblem,Raptor Lights,Black,218.45
SKU 96807-52,Raptor,Stock Emblem,Raptor Lights,Chrome,219.45
SKU 96807-53,Raptor,Stock Emblem,Raptor Lights,Black w/ TRD Stripes (Silver/Red),222.45
SKU 96807-54,Raptor,Stock Emblem,Raptor Lights,Black w/ Custom TRD Stripes (2 Stripes),224.45
SKU 96807-55,Raptor,Stock Emblem,Raptor Lights,Colormatch,222.45
SKU 96807-56,Raptor,Stock Emblem,Large Raptor Lights,Black,223.45
SKU 96807-57,Raptor,Stock Emblem,Large Raptor Lights,Chrome,224.45
SKU 96807-58,Raptor,Stock Emblem,Large Raptor Lights,Black w/ TRD Stripes (Silver/Red),227.45
SKU 96807-59,Raptor,Stock Emblem,Large Raptor Lights,Black w/ Custom TRD Stripes (2 Stripes),229.45
SKU 96807-60,Raptor,Stock Emblem,Large Raptor Lights,Colormatch,227.45
SKU 96807-61,Raptor,White Toyota Lettering,Raptor Lights,Black,217.45
SKU 96807-62,Raptor,White Toyota Lettering,Raptor Lights,Chrome,218.45
SKU 96807-63,Raptor,White Toyota Lettering,Raptor Lights,Black w/ TRD Stripes (Silver/Red),221.45
SKU 96807-64,Raptor,White Toyota Lettering,Raptor Lights,Black w/ Custom TRD Stripes (2 Stripes),223.45
SKU 96807-65,Raptor,White Toyota Lettering,Raptor Lights,Colormatch,221.45
SKU 96807-66,Raptor,White Toyota Lettering,Large Raptor Lights,Black,222.45
SKU 96807-67,Raptor,White Toyota Lettering,Large Raptor Lights,Chrome,223.45
SKU 96807-68,Raptor,White Toyota Lettering,Large Raptor Lights,Black w/ TRD Stripes (Silver/Red),226.45
SKU 96807-69,Raptor,White Toyota Lettering,Large Raptor Lights,Black w/ Custom TRD Stripes (2 Stripes),228.45
SKU 96807-70,Raptor,White Toyota Lettering,Large Raptor Lights,Colormatch,226.45
SKU 96807-71,Raptor,4Runner,Raptor Lights,Black,216.45
SKU 96807-72,Raptor,4Runner,Raptor Lights,Chrome,217.45
SKU 96807-73,Raptor,4Runner,Raptor Lights,Black w/ TRD Stripes (Silver/Red),220.45
SKU 96807-74,Raptor,4Runner,Raptor Lights,Black w/ Custom TRD Stripes (2 Stripes),222.45
SKU 96807-75,Raptor,4Runner,Raptor Lights,Colormatch,220.45
SKU 96807-76,Raptor,4Runner,Large Raptor Lights,Black,221.45
SKU 96807-77,Raptor,4Runner,Large Raptor Lights,Chrome,222.45
SKU 96807-78,Raptor,4Runner,Large Raptor Lights,Black w/ TRD Stripes (Silver/Red),225.45
SKU 96807-79,Raptor,4Runner,Large Raptor Lights,Black w/ Custom TRD Stripes (2 Stripes),227.45
SKU 96807-80,Raptor,4Runner,Large Raptor Lights,Colormatch,225.45
